--
-- PostgreSQL database dump
--

\restrict ZAEOUKqRz6W2adTWNtbDk6SPnqhLnJjEbe8XpdCJsqdcidJGPN24XIJFH7Kxait

-- Dumped from database version 18.3
-- Dumped by pg_dump version 18.3

-- Started on 2026-05-19 05:53:34

SET statement_timeout = 0;
SET lock_timeout = 0;
SET idle_in_transaction_session_timeout = 0;
SET transaction_timeout = 0;
SET client_encoding = 'UTF8';
SET standard_conforming_strings = on;
SELECT pg_catalog.set_config('search_path', '', false);
SET check_function_bodies = false;
SET xmloption = content;
SET client_min_messages = warning;
SET row_security = off;

DROP DATABASE yxw;
--
-- TOC entry 5076 (class 1262 OID 17207)
-- Name: yxw; Type: DATABASE; Schema: -; Owner: postgres
--

CREATE DATABASE yxw WITH TEMPLATE = template0 ENCODING = 'UTF8' LOCALE_PROVIDER = libc LOCALE = 'Chinese (Simplified)_China.936';


ALTER DATABASE yxw OWNER TO postgres;

\unrestrict ZAEOUKqRz6W2adTWNtbDk6SPnqhLnJjEbe8XpdCJsqdcidJGPN24XIJFH7Kxait
\connect yxw
\restrict ZAEOUKqRz6W2adTWNtbDk6SPnqhLnJjEbe8XpdCJsqdcidJGPN24XIJFH7Kxait

SET statement_timeout = 0;
SET lock_timeout = 0;
SET idle_in_transaction_session_timeout = 0;
SET transaction_timeout = 0;
SET client_encoding = 'UTF8';
SET standard_conforming_strings = on;
SELECT pg_catalog.set_config('search_path', '', false);
SET check_function_bodies = false;
SET xmloption = content;
SET client_min_messages = warning;
SET row_security = off;

SET default_tablespace = '';

SET default_table_access_method = heap;

--
-- TOC entry 220 (class 1259 OID 18005)
-- Name: course_teachers; Type: TABLE; Schema: public; Owner: postgres
--

CREATE TABLE public.course_teachers (
    id integer NOT NULL,
    class_name character varying(50),
    course_id integer,
    teacher_id integer
);


ALTER TABLE public.course_teachers OWNER TO postgres;

--
-- TOC entry 219 (class 1259 OID 18004)
-- Name: course_teachers_id_seq; Type: SEQUENCE; Schema: public; Owner: postgres
--

ALTER TABLE public.course_teachers ALTER COLUMN id ADD GENERATED BY DEFAULT AS IDENTITY (
    SEQUENCE NAME public.course_teachers_id_seq
    START WITH 1
    INCREMENT BY 1
    NO MINVALUE
    NO MAXVALUE
    CACHE 1
);


--
-- TOC entry 222 (class 1259 OID 18012)
-- Name: courses; Type: TABLE; Schema: public; Owner: postgres
--

CREATE TABLE public.courses (
    id integer NOT NULL,
    course_code character varying(20) NOT NULL,
    course_name character varying(100) NOT NULL,
    credits numeric(3,1) NOT NULL
);


ALTER TABLE public.courses OWNER TO postgres;

--
-- TOC entry 221 (class 1259 OID 18011)
-- Name: courses_id_seq; Type: SEQUENCE; Schema: public; Owner: postgres
--

ALTER TABLE public.courses ALTER COLUMN id ADD GENERATED BY DEFAULT AS IDENTITY (
    SEQUENCE NAME public.courses_id_seq
    START WITH 1
    INCREMENT BY 1
    NO MINVALUE
    NO MAXVALUE
    CACHE 1
);


--
-- TOC entry 224 (class 1259 OID 18022)
-- Name: grades; Type: TABLE; Schema: public; Owner: postgres
--

CREATE TABLE public.grades (
    id integer NOT NULL,
    academic_year character varying(20),
    course_id integer,
    entered_by integer,
    is_retake boolean,
    original_score numeric(5,2),
    retake_exam_score numeric(5,2),
    reviewed_by integer,
    score numeric(5,2) NOT NULL,
    semester character varying(20),
    status character varying(20),
    student_id integer
);


ALTER TABLE public.grades OWNER TO postgres;

--
-- TOC entry 223 (class 1259 OID 18021)
-- Name: grades_id_seq; Type: SEQUENCE; Schema: public; Owner: postgres
--

ALTER TABLE public.grades ALTER COLUMN id ADD GENERATED BY DEFAULT AS IDENTITY (
    SEQUENCE NAME public.grades_id_seq
    START WITH 1
    INCREMENT BY 1
    NO MINVALUE
    NO MAXVALUE
    CACHE 1
);


--
-- TOC entry 226 (class 1259 OID 18030)
-- Name: scholarships; Type: TABLE; Schema: public; Owner: postgres
--

CREATE TABLE public.scholarships (
    id integer NOT NULL,
    amount numeric(10,2),
    calculated_at timestamp(6) without time zone,
    status character varying(20),
    student_id integer,
    type character varying(50)
);


ALTER TABLE public.scholarships OWNER TO postgres;

--
-- TOC entry 225 (class 1259 OID 18029)
-- Name: scholarships_id_seq; Type: SEQUENCE; Schema: public; Owner: postgres
--

ALTER TABLE public.scholarships ALTER COLUMN id ADD GENERATED BY DEFAULT AS IDENTITY (
    SEQUENCE NAME public.scholarships_id_seq
    START WITH 1
    INCREMENT BY 1
    NO MINVALUE
    NO MAXVALUE
    CACHE 1
);


--
-- TOC entry 228 (class 1259 OID 18037)
-- Name: students; Type: TABLE; Schema: public; Owner: postgres
--

CREATE TABLE public.students (
    id integer NOT NULL,
    class_name character varying(50),
    enrollment_year integer,
    gender character varying(10),
    name character varying(100) NOT NULL,
    student_no character varying(20) NOT NULL,
    user_id integer
);


ALTER TABLE public.students OWNER TO postgres;

--
-- TOC entry 227 (class 1259 OID 18036)
-- Name: students_id_seq; Type: SEQUENCE; Schema: public; Owner: postgres
--

ALTER TABLE public.students ALTER COLUMN id ADD GENERATED BY DEFAULT AS IDENTITY (
    SEQUENCE NAME public.students_id_seq
    START WITH 1
    INCREMENT BY 1
    NO MINVALUE
    NO MAXVALUE
    CACHE 1
);


--
-- TOC entry 230 (class 1259 OID 18046)
-- Name: teachers; Type: TABLE; Schema: public; Owner: postgres
--

CREATE TABLE public.teachers (
    id integer NOT NULL,
    name character varying(100) NOT NULL,
    teacher_no character varying(20) NOT NULL,
    title character varying(50),
    user_id integer
);


ALTER TABLE public.teachers OWNER TO postgres;

--
-- TOC entry 229 (class 1259 OID 18045)
-- Name: teachers_id_seq; Type: SEQUENCE; Schema: public; Owner: postgres
--

ALTER TABLE public.teachers ALTER COLUMN id ADD GENERATED BY DEFAULT AS IDENTITY (
    SEQUENCE NAME public.teachers_id_seq
    START WITH 1
    INCREMENT BY 1
    NO MINVALUE
    NO MAXVALUE
    CACHE 1
);


--
-- TOC entry 232 (class 1259 OID 18055)
-- Name: users; Type: TABLE; Schema: public; Owner: postgres
--

CREATE TABLE public.users (
    id integer NOT NULL,
    created_at timestamp(6) without time zone,
    display_name character varying(100),
    password character varying(255) NOT NULL,
    role character varying(20),
    username character varying(50) NOT NULL
);


ALTER TABLE public.users OWNER TO postgres;

--
-- TOC entry 231 (class 1259 OID 18054)
-- Name: users_id_seq; Type: SEQUENCE; Schema: public; Owner: postgres
--

ALTER TABLE public.users ALTER COLUMN id ADD GENERATED BY DEFAULT AS IDENTITY (
    SEQUENCE NAME public.users_id_seq
    START WITH 1
    INCREMENT BY 1
    NO MINVALUE
    NO MAXVALUE
    CACHE 1
);


--
-- TOC entry 5058 (class 0 OID 18005)
-- Dependencies: 220
-- Data for Name: course_teachers; Type: TABLE DATA; Schema: public; Owner: postgres
--

INSERT INTO public.course_teachers VALUES (1, '计算机科学2024-1班', 1, 1);
INSERT INTO public.course_teachers VALUES (2, '软件工程2024-1班', 1, 1);
INSERT INTO public.course_teachers VALUES (3, '计算机科学2024-1班', 2, 1);


--
-- TOC entry 5060 (class 0 OID 18012)
-- Dependencies: 222
-- Data for Name: courses; Type: TABLE DATA; Schema: public; Owner: postgres
--

INSERT INTO public.courses VALUES (1, 'CS101', '高等数学', 5.0);
INSERT INTO public.courses VALUES (2, 'CS102', '程序设计基础', 4.0);
INSERT INTO public.courses VALUES (3, 'CS103', '数据结构', 3.0);
INSERT INTO public.courses VALUES (4, 'CS104', '数据库原理', 3.5);


--
-- TOC entry 5062 (class 0 OID 18022)
-- Dependencies: 224
-- Data for Name: grades; Type: TABLE DATA; Schema: public; Owner: postgres
--

INSERT INTO public.grades VALUES (3, '2024-2025', 3, NULL, false, NULL, NULL, NULL, 88.00, '第二学期', 'draft', 1);
INSERT INTO public.grades VALUES (4, '2024-2025', 4, NULL, false, NULL, NULL, NULL, 76.00, '第二学期', 'draft', 1);
INSERT INTO public.grades VALUES (7, '2024-2025', 3, NULL, false, NULL, NULL, NULL, 82.00, '第二学期', 'draft', 2);
INSERT INTO public.grades VALUES (8, '2024-2025', 4, NULL, false, NULL, NULL, NULL, 90.00, '第二学期', 'draft', 2);
INSERT INTO public.grades VALUES (11, '2024-2025', 3, NULL, false, NULL, NULL, NULL, 93.00, '第二学期', 'draft', 3);
INSERT INTO public.grades VALUES (12, '2024-2025', 4, NULL, false, NULL, NULL, NULL, 89.00, '第二学期', 'draft', 3);
INSERT INTO public.grades VALUES (5, '2024-2025', 1, 1, false, NULL, NULL, NULL, 900.00, '第一学期', 'approved', 2);
INSERT INTO public.grades VALUES (1, '2024-2025', 1, 1, false, NULL, NULL, NULL, 900.00, '第一学期', 'approved', 1);
INSERT INTO public.grades VALUES (16, '2024-2025', 1, 1, false, NULL, NULL, NULL, 300.00, '第二学期', 'approved', 1);
INSERT INTO public.grades VALUES (10, '2024-2025', 2, 1, false, NULL, NULL, NULL, 87.00, '第一学期', 'approved', 3);
INSERT INTO public.grades VALUES (2, '2024-2025', 2, 1, false, NULL, NULL, NULL, 85.00, '第一学期', 'approved', 1);
INSERT INTO public.grades VALUES (6, '2024-2025', 2, 1, false, NULL, NULL, NULL, 95.00, '第一学期', 'approved', 2);
INSERT INTO public.grades VALUES (17, '2024-2025', 2, 1, false, NULL, NULL, NULL, 111.00, '第二学期', 'approved', 1);
INSERT INTO public.grades VALUES (9, '2024-2025', 1, 1, false, NULL, NULL, NULL, 91.00, '第一学期', 'approved', 3);
INSERT INTO public.grades VALUES (18, '2024-2025', 1, 1, false, NULL, NULL, NULL, 44.00, '第一学期', 'approved', 5);


--
-- TOC entry 5064 (class 0 OID 18030)
-- Dependencies: 226
-- Data for Name: scholarships; Type: TABLE DATA; Schema: public; Owner: postgres
--

INSERT INTO public.scholarships VALUES (1, 1000.00, '2026-05-19 05:19:31.290507', '已计算', 1, '三等奖学金');
INSERT INTO public.scholarships VALUES (2, 3000.00, '2026-05-19 05:22:14.620829', '已计算', 3, '二等奖学金');
INSERT INTO public.scholarships VALUES (3, 0.00, '2026-05-19 05:45:11.443817', '已计算', 4, '无');
INSERT INTO public.scholarships VALUES (4, 0.00, '2026-05-19 05:52:55.45001', '已计算', 5, '无');


--
-- TOC entry 5066 (class 0 OID 18037)
-- Dependencies: 228
-- Data for Name: students; Type: TABLE DATA; Schema: public; Owner: postgres
--

INSERT INTO public.students VALUES (1, '计算机科学2024-1班', 2024, '男', '张三', '2024001', 1);
INSERT INTO public.students VALUES (2, '软件工程2024-1班', 2024, '女', '李四', '2024002', 2);
INSERT INTO public.students VALUES (3, '计算机科学2024-1班', 2024, '男', '管理员', '2024003', 3);
INSERT INTO public.students VALUES (4, '计算机科学2024-1班', NULL, '男', '333', '2024004', 7);
INSERT INTO public.students VALUES (5, '444', NULL, '女', '444', '2024005', 8);


--
-- TOC entry 5068 (class 0 OID 18046)
-- Dependencies: 230
-- Data for Name: teachers; Type: TABLE DATA; Schema: public; Owner: postgres
--

INSERT INTO public.teachers VALUES (1, '王老师', 'T2024001', '副教授', 4);


--
-- TOC entry 5070 (class 0 OID 18055)
-- Dependencies: 232
-- Data for Name: users; Type: TABLE DATA; Schema: public; Owner: postgres
--

INSERT INTO public.users VALUES (1, '2026-05-19 05:18:29.089607', '张三', '$2a$10$wWTmAJ/tILArw5eVQE8X8.YsiTIJ7PlxJ8omz6XbZCwZadsC7K4wi', 'STUDENT', 'zhangsan');
INSERT INTO public.users VALUES (2, '2026-05-19 05:18:29.165724', '李四', '$2a$10$aOc6/BTOnwbaIlaWg17MSuK0bekfJ1M32k7ovqW/PUxNyUxFmr.0O', 'STUDENT', 'lisi');
INSERT INTO public.users VALUES (3, '2026-05-19 05:18:29.219956', '管理员', '$2a$10$qiqWHTO81GEJKK25NNPRbO/dKASYwc4lXIL/4/lOCP/8VaUDtBGhq', 'ADMIN', 'admin');
INSERT INTO public.users VALUES (4, '2026-05-19 05:18:29.274149', '王老师', '$2a$10$s2xLeSUFStOY9w..Rj.4s.4hsEE9uStrjBQB9l0FPe.LMKwJ0SSqq', 'TEACHER', 'wanglaoshi');
INSERT INTO public.users VALUES (5, '2026-05-19 05:39:31.67222', '111', '$2a$10$OPy5I9sU/Q3/pYPv8KttGefja3RlZB9bLYELu4KmNo.WTokh.mCdi', 'STUDENT', '111');
INSERT INTO public.users VALUES (6, '2026-05-19 05:39:44.898406', '222', '$2a$10$wXJPCReVBxS1TmP4aMDXeudle4H.6RZxWgm.DVlkFom2VY7/c5r3q', 'STUDENT', '222');
INSERT INTO public.users VALUES (7, '2026-05-19 05:41:50.729518', '333', '$2a$10$aj0CUI6Q3hOc9HLuxVdEL.GzZu8vnmokyzSXMck26jUys7zbm3mQu', 'STUDENT', '333');
INSERT INTO public.users VALUES (8, '2026-05-19 05:50:02.936762', '444', '$2a$10$W8qzyoe.2njNQJXH8P/BVubqK1e9sPS9.xYr4rYULgWhw3EzuVeCi', 'STUDENT', '444');


--
-- TOC entry 5077 (class 0 OID 0)
-- Dependencies: 219
-- Name: course_teachers_id_seq; Type: SEQUENCE SET; Schema: public; Owner: postgres
--

SELECT pg_catalog.setval('public.course_teachers_id_seq', 3, true);


--
-- TOC entry 5078 (class 0 OID 0)
-- Dependencies: 221
-- Name: courses_id_seq; Type: SEQUENCE SET; Schema: public; Owner: postgres
--

SELECT pg_catalog.setval('public.courses_id_seq', 4, true);


--
-- TOC entry 5079 (class 0 OID 0)
-- Dependencies: 223
-- Name: grades_id_seq; Type: SEQUENCE SET; Schema: public; Owner: postgres
--

SELECT pg_catalog.setval('public.grades_id_seq', 18, true);


--
-- TOC entry 5080 (class 0 OID 0)
-- Dependencies: 225
-- Name: scholarships_id_seq; Type: SEQUENCE SET; Schema: public; Owner: postgres
--

SELECT pg_catalog.setval('public.scholarships_id_seq', 4, true);


--
-- TOC entry 5081 (class 0 OID 0)
-- Dependencies: 227
-- Name: students_id_seq; Type: SEQUENCE SET; Schema: public; Owner: postgres
--

SELECT pg_catalog.setval('public.students_id_seq', 5, true);


--
-- TOC entry 5082 (class 0 OID 0)
-- Dependencies: 229
-- Name: teachers_id_seq; Type: SEQUENCE SET; Schema: public; Owner: postgres
--

SELECT pg_catalog.setval('public.teachers_id_seq', 1, true);


--
-- TOC entry 5083 (class 0 OID 0)
-- Dependencies: 231
-- Name: users_id_seq; Type: SEQUENCE SET; Schema: public; Owner: postgres
--

SELECT pg_catalog.setval('public.users_id_seq', 8, true);


--
-- TOC entry 4887 (class 2606 OID 18010)
-- Name: course_teachers course_teachers_pkey; Type: CONSTRAINT; Schema: public; Owner: postgres
--

ALTER TABLE ONLY public.course_teachers
    ADD CONSTRAINT course_teachers_pkey PRIMARY KEY (id);


--
-- TOC entry 4889 (class 2606 OID 18020)
-- Name: courses courses_pkey; Type: CONSTRAINT; Schema: public; Owner: postgres
--

ALTER TABLE ONLY public.courses
    ADD CONSTRAINT courses_pkey PRIMARY KEY (id);


--
-- TOC entry 4893 (class 2606 OID 18028)
-- Name: grades grades_pkey; Type: CONSTRAINT; Schema: public; Owner: postgres
--

ALTER TABLE ONLY public.grades
    ADD CONSTRAINT grades_pkey PRIMARY KEY (id);


--
-- TOC entry 4897 (class 2606 OID 18035)
-- Name: scholarships scholarships_pkey; Type: CONSTRAINT; Schema: public; Owner: postgres
--

ALTER TABLE ONLY public.scholarships
    ADD CONSTRAINT scholarships_pkey PRIMARY KEY (id);


--
-- TOC entry 4899 (class 2606 OID 18044)
-- Name: students students_pkey; Type: CONSTRAINT; Schema: public; Owner: postgres
--

ALTER TABLE ONLY public.students
    ADD CONSTRAINT students_pkey PRIMARY KEY (id);


--
-- TOC entry 4903 (class 2606 OID 18053)
-- Name: teachers teachers_pkey; Type: CONSTRAINT; Schema: public; Owner: postgres
--

ALTER TABLE ONLY public.teachers
    ADD CONSTRAINT teachers_pkey PRIMARY KEY (id);


--
-- TOC entry 4901 (class 2606 OID 18068)
-- Name: students uk7ueclymalke6m5pt1q77qt6b1; Type: CONSTRAINT; Schema: public; Owner: postgres
--

ALTER TABLE ONLY public.students
    ADD CONSTRAINT uk7ueclymalke6m5pt1q77qt6b1 UNIQUE (student_no);


--
-- TOC entry 4905 (class 2606 OID 18070)
-- Name: teachers ukccjcnljwqx1ovnw39wqx57shh; Type: CONSTRAINT; Schema: public; Owner: postgres
--

ALTER TABLE ONLY public.teachers
    ADD CONSTRAINT ukccjcnljwqx1ovnw39wqx57shh UNIQUE (teacher_no);


--
-- TOC entry 4895 (class 2606 OID 18066)
-- Name: grades ukmv1wojq6qr532mu303t6fmuyi; Type: CONSTRAINT; Schema: public; Owner: postgres
--

ALTER TABLE ONLY public.grades
    ADD CONSTRAINT ukmv1wojq6qr532mu303t6fmuyi UNIQUE (student_id, course_id, semester, academic_year);


--
-- TOC entry 4891 (class 2606 OID 18064)
-- Name: courses ukp02ts69sh53ptd62m3c67v0; Type: CONSTRAINT; Schema: public; Owner: postgres
--

ALTER TABLE ONLY public.courses
    ADD CONSTRAINT ukp02ts69sh53ptd62m3c67v0 UNIQUE (course_code);


--
-- TOC entry 4907 (class 2606 OID 18072)
-- Name: users ukr43af9ap4edm43mmtq01oddj6; Type: CONSTRAINT; Schema: public; Owner: postgres
--

ALTER TABLE ONLY public.users
    ADD CONSTRAINT ukr43af9ap4edm43mmtq01oddj6 UNIQUE (username);


--
-- TOC entry 4909 (class 2606 OID 18062)
-- Name: users users_pkey; Type: CONSTRAINT; Schema: public; Owner: postgres
--

ALTER TABLE ONLY public.users
    ADD CONSTRAINT users_pkey PRIMARY KEY (id);


-- Completed on 2026-05-19 05:53:34

--
-- PostgreSQL database dump complete
--

\unrestrict ZAEOUKqRz6W2adTWNtbDk6SPnqhLnJjEbe8XpdCJsqdcidJGPN24XIJFH7Kxait

